-- phpMyAdmin SQL Dump
-- version 4.6.6deb4
-- https://www.phpmyadmin.net/
--
-- Хост: localhost:3306
-- Время создания: Фев 11 2018 г., 22:09
-- Версия сервера: 10.1.26-MariaDB-0+deb9u1
-- Версия PHP: 7.0.27-0+deb9u1

SET SQL_MODE = "NO_AUTO_VALUE_ON_ZERO";
SET time_zone = "+00:00";


/*!40101 SET @OLD_CHARACTER_SET_CLIENT=@@CHARACTER_SET_CLIENT */;
/*!40101 SET @OLD_CHARACTER_SET_RESULTS=@@CHARACTER_SET_RESULTS */;
/*!40101 SET @OLD_COLLATION_CONNECTION=@@COLLATION_CONNECTION */;
/*!40101 SET NAMES utf8mb4 */;

--
-- База данных: `books`
--

-- --------------------------------------------------------

--
-- Структура таблицы `author`
--

CREATE TABLE `author` (
  `author_id` int(11) NOT NULL,
  `first_name` varchar(255) NOT NULL,
  `last_name` varchar(255) NOT NULL,
  `patronomic` varchar(255) NOT NULL
) ENGINE=InnoDB DEFAULT CHARSET=utf8;

--
-- Дамп данных таблицы `author`
--

INSERT INTO `author` (`author_id`, `first_name`, `last_name`, `patronomic`) VALUES
(1, 'Владимир', 'Познер', ''),
(2, 'Саша', 'Петров', ''),
(3, 'Михаил', 'Державин', ''),
(4, 'Ханья', 'Янагихара', ''),
(5, 'Захар', 'Прилепин', ''),
(6, 'Джордж', 'Мартин', ''),
(7, 'Нил', 'Гейман', ''),
(8, 'Джоан', 'Роулинг', ''),
(9, 'Стивен', 'Кинг', ''),
(10, 'Эмма', 'Клайм', ''),
(11, 'Дина', 'Рубина', ''),
(12, 'Кир', 'Булычев', ''),
(13, 'Пауло', 'Коэльо', ''),
(14, 'Джон', 'Грин', ''),
(15, 'Федор', 'Достоевский', ''),
(16, 'Татьяна', 'Толстая', ''),
(17, 'Дмитрий', 'Глуховский', ''),
(18, 'Сью', 'Таунсенд', ''),
(19, 'Людмила', 'Улицкая', ''),
(20, 'Ли', 'Виксен', ''),
(21, 'Максим', 'Кантор', ''),
(22, 'Дмитрий', 'Быков', ''),
(23, 'Патрик', 'Модиано', ''),
(24, 'Оливер', 'Петч', ''),
(25, 'Евгений', 'Водолазкин', ''),
(26, 'Светлана', 'Алексиевич', ''),
(27, 'Донна', 'Тартт', ''),
(28, 'Роман', 'Сенчин', ''),
(29, 'Боб', 'Дилан', ''),
(30, 'Даниэль', 'Орлов', ''),
(31, 'Данилов', 'Дмитрий', ''),
(32, 'Владимир', 'Сорокин', ''),
(33, 'Элис', 'Манро', ''),
(34, 'Андрей', 'Аствацатуров', ''),
(35, 'Леонид', 'Юзефович', ''),
(36, 'Владимир', 'Шаров', ''),
(37, 'Даниил', 'Гранин', ''),
(38, 'Гиллиан', 'Флинн', ''),
(39, 'Джо', 'Хилл', ''),
(40, 'Джоанн', 'Харрис', ''),
(41, 'Хельги', 'Лек', ''),
(42, 'Эрин', 'Хантер', ''),
(43, 'Michail', 'Rotar', ''),
(44, 'Агата', 'Кристи', ''),
(45, 'Эдуард', 'Успенский', ''),
(46, 'Борис', 'Акунин', ''),
(47, 'Джоджо', 'Мойес', ''),
(48, 'Антон', 'Леонтьев', ''),
(49, 'Андрей', 'Белянин', ''),
(50, 'Лев', 'Толстой', ''),
(51, 'Сергей', 'Лукьяненко', ''),
(52, 'Ричард', 'Бах', ''),
(53, 'Чак', 'Паланик', ''),
(54, 'Иван', 'Тургенев', ''),
(55, 'Дарья', 'Калинина', ''),
(56, 'Nail', 'Yakupov', ''),
(57, 'Питер', 'Джеймс', ''),
(58, 'Татьяна', 'Гармаш-Роффе', ''),
(59, 'Ю', 'Несбё', ''),
(60, 'Уильям', 'Шекспир', ''),
(61, 'Владимир', 'Кунин', ''),
(62, 'Кейт', 'Аткинсон', ''),
(63, 'Роман', 'Злотников', ''),
(64, 'Михаил', 'Булгаков', ''),
(65, 'Дарья', 'Донцова', ''),
(66, 'Джефф', 'Кинни', ''),
(67, 'Валентин', 'Постников', ''),
(68, 'Олдос', 'Хаксли', ''),
(69, 'Сесилия', 'Ахерн', ''),
(70, 'Маргарита', 'Хемлин', ''),
(71, 'Фергюсон', 'Ниалл', ''),
(72, 'Галина', 'Куликова', ''),
(73, 'Светлана', 'Ольшевская', ''),
(74, 'Полина', 'Жеребцова', ''),
(75, 'Пола', 'Хокинс', ''),
(76, 'Джек', 'Лондон', ''),
(77, 'Алессандро', 'Барикко', ''),
(78, 'Владимир', 'Набоков', ''),
(79, 'Владимир', 'Орлов', ''),
(80, 'Жауме', 'Кабре', '');

-- --------------------------------------------------------

--
-- Структура таблицы `book`
--

CREATE TABLE `book` (
  `book_id` int(11) NOT NULL,
  `genre_id` int(11) DEFAULT NULL,
  `title` varchar(255) DEFAULT NULL,
  `year` int(11) DEFAULT NULL,
  `picture` varchar(255) DEFAULT NULL
) ENGINE=InnoDB DEFAULT CHARSET=utf8;

--
-- Дамп данных таблицы `book`
--

INSERT INTO `book` (`book_id`, `genre_id`, `title`, `year`, `picture`) VALUES
(2, 7, 'Книга 2', 2018, '1758503.jpg'),
(3, 6, 'Книга 3', 2323, '1497.jpg');

-- --------------------------------------------------------

--
-- Структура таблицы `book_author`
--

CREATE TABLE `book_author` (
  `book_id` int(11) NOT NULL,
  `author_id` int(11) NOT NULL
) ENGINE=InnoDB DEFAULT CHARSET=utf8;

--
-- Дамп данных таблицы `book_author`
--

INSERT INTO `book_author` (`book_id`, `author_id`) VALUES
(2, 34),
(2, 43),
(2, 56),
(3, 34),
(3, 69);

-- --------------------------------------------------------

--
-- Структура таблицы `genre`
--

CREATE TABLE `genre` (
  `genre_id` int(11) NOT NULL,
  `title` varchar(255) NOT NULL
) ENGINE=InnoDB DEFAULT CHARSET=utf8;

--
-- Дамп данных таблицы `genre`
--

INSERT INTO `genre` (`genre_id`, `title`) VALUES
(6, 'Автобиография'),
(7, 'Вестерн'),
(9, 'Антиутопия'),
(10, 'Бизнес-Книги'),
(11, 'Биография'),
(12, 'Боевики'),
(13, 'Вестерн'),
(14, 'Героическая'),
(15, 'Городское'),
(16, 'Графическая'),
(17, 'Детективы'),
(18, 'Детская'),
(19, 'Документальная'),
(20, 'Дом'),
(21, 'Драма'),
(22, 'Зарубежная'),
(23, 'Искусство'),
(24, 'Историческая'),
(27, 'Классика'),
(28, 'Книга-мотиватор'),
(31, 'Компьютерная'),
(32, 'Красота'),
(33, 'Легенды'),
(34, 'Литература'),
(35, 'Любовный'),
(36, 'Магический'),
(37, 'Мемуары'),
(38, 'Мистика'),
(39, 'Научная'),
(40, 'Научно-популярная'),
(41, 'Новелла'),
(42, 'Нон-фикшн'),
(43, 'Остросюжетный'),
(44, 'Периодические'),
(45, 'Повесть'),
(46, 'Поэзия'),
(47, 'Поэма'),
(48, 'Приключенческий'),
(49, 'Притча'),
(50, 'Проза'),
(51, 'Психологический'),
(52, 'Публицистика'),
(53, 'Пьеса'),
(54, 'Рассказ'),
(55, 'Религия'),
(56, 'Роман'),
(57, 'Сказка'),
(58, 'Справочная'),
(59, 'Стимпанк'),
(60, 'Техническая'),
(61, 'Триллер'),
(62, 'Утопия'),
(63, 'Учебная'),
(64, 'Фантастика'),
(65, 'Фантастический'),
(66, 'Философская'),
(67, 'Фэнтези'),
(68, 'Эзотерика'),
(69, 'Эссе');

-- --------------------------------------------------------

--
-- Структура таблицы `migration`
--

CREATE TABLE `migration` (
  `version` varchar(180) NOT NULL,
  `apply_time` int(11) DEFAULT NULL
) ENGINE=InnoDB DEFAULT CHARSET=utf8;

--
-- Дамп данных таблицы `migration`
--

INSERT INTO `migration` (`version`, `apply_time`) VALUES
('m000000_000000_base', 1518097011),
('m180208_133327_create_tables', 1518098340);

--
-- Индексы сохранённых таблиц
--

--
-- Индексы таблицы `author`
--
ALTER TABLE `author`
  ADD PRIMARY KEY (`author_id`);

--
-- Индексы таблицы `book`
--
ALTER TABLE `book`
  ADD PRIMARY KEY (`book_id`);

--
-- Индексы таблицы `book_author`
--
ALTER TABLE `book_author`
  ADD PRIMARY KEY (`book_id`,`author_id`);

--
-- Индексы таблицы `genre`
--
ALTER TABLE `genre`
  ADD PRIMARY KEY (`genre_id`);

--
-- Индексы таблицы `migration`
--
ALTER TABLE `migration`
  ADD PRIMARY KEY (`version`);

--
-- AUTO_INCREMENT для сохранённых таблиц
--

--
-- AUTO_INCREMENT для таблицы `author`
--
ALTER TABLE `author`
  MODIFY `author_id` int(11) NOT NULL AUTO_INCREMENT, AUTO_INCREMENT=81;
--
-- AUTO_INCREMENT для таблицы `book`
--
ALTER TABLE `book`
  MODIFY `book_id` int(11) NOT NULL AUTO_INCREMENT, AUTO_INCREMENT=4;
--
-- AUTO_INCREMENT для таблицы `genre`
--
ALTER TABLE `genre`
  MODIFY `genre_id` int(11) NOT NULL AUTO_INCREMENT, AUTO_INCREMENT=70;
/*!40101 SET CHARACTER_SET_CLIENT=@OLD_CHARACTER_SET_CLIENT */;
/*!40101 SET CHARACTER_SET_RESULTS=@OLD_CHARACTER_SET_RESULTS */;
/*!40101 SET COLLATION_CONNECTION=@OLD_COLLATION_CONNECTION */;
